{
  "project_info": {
    "project_number": "503662235859",
    "project_id": "ug2progandro",
    "storage_bucket": "ug2progandro.appspot.com"
  },
  "client": [
    {
      "client_info": {
        "mobilesdk_app_id": "1:503662235859:android:36e1701f4cb07292a00426",
        "android_client_info": {
          "package_name": "com.progandro.ug2_progandro"
        }
      },
      "oauth_client": [
        {
          "client_id": "503662235859-5ek9ki9rshf938dcetkg5ecgvt7shvhf.apps.googleusercontent.com",
          "client_type": 3
        }
      ],
      "api_key": [
        {
          "current_key": "AIzaSyDrYMdYfgnJ-DtnhC65q2mBeCGVK2dMp9I"
        }
      ],
      "services": {
        "appinvite_service": {
          "other_platform_oauth_client": [
            {
              "client_id": "503662235859-5ek9ki9rshf938dcetkg5ecgvt7shvhf.apps.googleusercontent.com",
              "client_type": 3
            }
          ]
        }
      }
    }
  ],
  "configuration_version": "1"
}